Complaints,Service of Process,Answers to Complaints,Other Answers,Motions,Notices,Order,Letter and Response,Discovery,Judgment,Settlement
amended,service,answer,affidvait,appeal,notice,ordered,letter,Interrogatory,judgment,Settlement
complaint,writ,,affirmation,adjourn,error,order,response,Production,,
counterclaim,summons,,declaration,attorney fee,endorsed,,,Produced,,
crossclaim,summon,,reply,approve,stipulation,,,Produce,,
removal,waiver,,memorandum,default,appear,,,deposition,,
petition,certificate,,opposition,dismiss,deadlines,,,discovery,,
intervenor,,,objection,summary,conference,,,,,
arbitration,,,,quash,noncompliance,,,,,
cross,,,,preliminary,,,,,,
,,,,injunction,,,,,,
,,,,directed,,,,,,
,,,,extension,,,,,,
,,,,permanent,,,,,,
,,,,remand,,,,,,
,,,,sanction,,,,,,
,,,,leave,,,,,,
,,,,seal,,,,,,
,,,,withdraw,,,,,,
,,,,execution,,,,,,
,,,,Show Cause,,,,,,
,,,,declaratory,,,,,,
,,,,in limine,,,,,,
,,,,joinder,,,,,,
,,,,temporary,,,,,,
,,,,restraining,,,,,,
,,,,intervene,,,,,,
,,,,reconsideration,,,,,,
,,,,attach,,,,,,
,,,,compel,,,,,,
,,,,motion,,,,,,
,,,,unseal,,,,,,
,,,,vacate,,,,,,
