Complaints,Service of Process,Answers to Complaints,Other Answers,Motions,Notices,Others
Amended,Service,Answer,Affidvait,Appeal,Notice,Request
Complaint,Returned,Response,Affirmation,Adjourn,,Settlement
counterclaim,Writ,,Declaration,Appear,,Damages
Crossclaim,Summons,,Reply,Attorney Fees,,Stipulation
Removal,Waiver,,Response,Approve,,Status Report
Petition,Certificate,,Memorandum,Conference,,Pretrial
Intervenor,,,Opposition,Default,,
Arbitration,,,Amended,Dismiss,,
,,,Objection,Summary,,
,,,,Judgment,,
,,,,Quash,,
,,,,Preliminary,,
,,,,Injunction,,
,,,,Directed,,
,,,,Extension,,
,,,,Response,,
,,,,Permenat,,
,,,,Permanent,,
,,,,Remand,,
,,,,Sanction,,
,,,,Leave,,
,,,,Seal,,
,,,,Withdraw,,
,,,,Execution,,
,,,,Show Cause,,
,,,,Declaratory,,
,,,,In Limine,,
,,,,Joinder,,
,,,,Publication,,
,,,,Temporary,,
,,,,Restraining,,
,,,,Intervene,,
,,,,Reconsideration,,
,,,,Attach,,
,,,,Compel,,
,,,,Motions,,
,,,,Definite,,
,,,,Unseal,,
,,,,Vacate,,
,,,,Aside,,
