Complaints,Service of Process,Answers to Complaints,Other Answers,Motions,Notices,Order,Letter and Response,Discovery,Judgment,Settlement,NoAction
amended,service,answer,affidvait,appeal,notice,ordered,letter,Interrogatory,judgment,Settlement,vault
complaint,writ,,affirmation,adjourn,error,order,response,Production,,,quality
counterclaim,summons,,declaration,attorney fee,endorsed,,,Produced,,,control
crossclaim,summon,,reply,approve,stipulation,,,Produce,,,opening
removal,waiver,,memorandum,default,appear,,,deposition,,,transcript
petition,certificate,,opposition,dismiss,deadlines,,,discovery,,,usca
intervenor,,,objection,summary,conference,,,,,,transmission
arbitration,,,,quash,noncompliance,,,,,,mailed
cross,,,,preliminary,,,,,,,mediation
,,,,injunction,,,,,,,minute entry
,,,,directed,,,,,,,cashier
,,,,extension,,,,,,,assigned
,,,,permanent,,,,,,,designated
,,,,remand,,,,,,,reassigned
,,,,sanction,,,,,,,
,,,,leave,,,,,,,
,,,,seal,,,,,,,
,,,,withdraw,,,,,,,
,,,,execution,,,,,,,
,,,,Show Cause,,,,,,,
,,,,declaratory,,,,,,,
,,,,in limine,,,,,,,
,,,,joinder,,,,,,,
,,,,temporary,,,,,,,
,,,,restraining,,,,,,,
,,,,intervene,,,,,,,
,,,,reconsideration,,,,,,,
,,,,attach,,,,,,,
,,,,compel,,,,,,,
,,,,motion,,,,,,,
,,,,unseal,,,,,,,
,,,,vacate,,,,,,,
